algoritma,mode,run,seed,x,y,coords,fitness,waktu_detik,evaluasi,evaluasi_ke_95persen
GA,max,1,1,400.64264351573127,877.559915126532,"(400.6, 877.6)",0.6850058867434351,1.8752139000007446,2000,648
GA,max,2,2,1748.7058803287453,1075.6825465943987,"(1748.7, 1075.7)",0.651815474644562,2.764554900000803,2000,724
GA,max,3,3,1748.7056190389897,1075.6824659198219,"(1748.7, 1075.7)",0.6518154746450732,2.768385400000625,2000,154
GA,max,4,4,400.5993786455249,877.5894491682955,"(400.6, 877.6)",0.6850058792745045,2.3661767000012333,2000,154
GA,max,5,5,1748.705684182205,1075.683273000162,"(1748.7, 1075.7)",0.6518154746445898,2.4389439999995375,2000,192
GA,max,6,6,400.6426433417245,877.5599142193046,"(400.6, 877.6)",0.6850058867434353,2.339013900000282,2000,268
GA,max,7,7,1748.705814118228,1075.6831687152978,"(1748.7, 1075.7)",0.6518154746444502,2.4333224999991216,2000,230
GA,max,8,8,1748.7056194644983,1075.6824729756916,"(1748.7, 1075.7)",0.6518154746450732,3.1469406000014715,2000,306
GA,max,9,9,1748.7056199714393,1075.6824632468838,"(1748.7, 1075.7)",0.6518154746450731,2.76847269999962,2000,154
GA,max,10,10,1748.705610928277,1075.682596387644,"(1748.7, 1075.7)",0.6518154746450611,2.557306000000608,2000,192
GA,max,11,11,400.6431251240184,877.5587878329598,"(400.6, 877.6)",0.6850058867405343,2.8417571000009048,2000,116
GA,max,12,12,400.6416323689916,877.5627307838574,"(400.6, 877.6)",0.6850058867255243,2.343100999998569,2000,192
GA,max,13,13,400.6426368236685,877.5599176408087,"(400.6, 877.6)",0.6850058867434352,2.3748663999995188,2000,458
GA,max,14,14,1748.7056005588204,1075.6823784924716,"(1748.7, 1075.7)",0.6518154746450644,2.1580195000005915,2000,192
GA,max,15,15,1748.705620560785,1075.6824622126674,"(1748.7, 1075.7)",0.6518154746450731,2.1064886999993178,2000,192
GA,max,16,16,400.6425835648963,877.5600353380023,"(400.6, 877.6)",0.6850058867434011,2.7469810000002326,2000,724
GA,max,17,17,400.6426414204458,877.5599168050295,"(400.6, 877.6)",0.6850058867434353,2.9462952999983827,2000,306
GA,max,18,18,1748.7056162297702,1075.6824623272528,"(1748.7, 1075.7)",0.6518154746450731,2.357009299999845,2000,306
GA,max,19,19,400.7303012826995,877.3617880351138,"(400.7, 877.4)",0.685005796649073,2.3488054999997985,2000,154
GA,max,20,20,400.64264390320557,877.5599159209253,"(400.6, 877.6)",0.6850058867434353,2.348174699998708,2000,192
GA,max,21,21,1748.7056201475466,1075.682464599282,"(1748.7, 1075.7)",0.6518154746450732,2.5666823999999906,2000,116
GA,max,22,22,400.64254419594187,877.5601680184229,"(400.6, 877.6)",0.6850058867432901,2.726389899999049,2000,268
GA,max,23,23,400.6426337343035,877.5599370196619,"(400.6, 877.6)",0.6850058867434341,2.3417279000004783,2000,268
GA,max,24,24,1748.7055845876732,1075.6824597841367,"(1748.7, 1075.7)",0.6518154746450636,2.4328461999994033,2000,154
GA,max,25,25,400.6426424424162,877.5599158502953,"(400.6, 877.6)",0.6850058867434353,2.373215199999322,2000,268
GA,max,26,26,1748.7056189822608,1075.6824706097354,"(1748.7, 1075.7)",0.6518154746450731,2.2577641000007134,2000,154
GA,max,27,27,1748.705618498519,1075.682467036711,"(1748.7, 1075.7)",0.6518154746450731,2.0992188999989594,2000,306
GA,max,28,28,400.6401786303272,877.5618478242642,"(400.6, 877.6)",0.6850058867188475,2.3598851000006107,2000,230
GA,max,29,29,400.6426402321165,877.5599148928943,"(400.6, 877.6)",0.6850058867434352,2.3574320999996417,2000,116
GA,max,30,30,400.6426412687713,877.5599140025042,"(400.6, 877.6)",0.6850058867434353,2.370894400000907,2000,306
PSO,max,1,1,400.6489701982731,877.5606476391043,"(400.6, 877.6)",0.6850058865183797,2.2096552000002703,2000,320
PSO,max,2,2,400.644847111842,877.5589475883072,"(400.6, 877.6)",0.6850058867235413,2.1945484000007127,2000,120
PSO,max,3,3,400.64554010481226,877.563763311627,"(400.6, 877.6)",0.6850058866156393,2.185194199999387,2000,240
PSO,max,4,4,400.6420116950428,877.5578547988482,"(400.6, 877.6)",0.6850058867241752,2.0944003999993583,2000,280
PSO,max,5,5,400.64825559390795,877.5711063594578,"(400.6, 877.6)",0.6850058859826863,2.209074000000328,2000,200
PSO,max,6,6,400.6396275822268,877.5654672997509,"(400.6, 877.6)",0.685005886668411,2.551560800000516,2000,240
PSO,max,7,7,400.63995040177264,877.5645521669333,"(400.6, 877.6)",0.6850058866894153,2.5285972999990918,2000,200
PSO,max,8,8,1748.7012767529675,1075.6696191581216,"(1748.7, 1075.7)",0.651815474389158,2.2033378000014636,2000,200
PSO,max,9,9,400.65143312567903,877.5600050031744,"(400.7, 877.6)",0.6850058863422602,2.7888400000010733,2000,280
PSO,max,10,10,1748.7063121979459,1075.6748987301476,"(1748.7, 1075.7)",0.6518154746011464,2.664365700000417,2000,120
PSO,max,11,11,400.63477501135463,877.5645398351202,"(400.6, 877.6)",0.6850058864965313,2.3409539999993285,2000,160
PSO,max,12,12,400.64255671693536,877.5627631875365,"(400.6, 877.6)",0.6850058867205913,2.2476313000006485,2000,240
PSO,max,13,13,400.6428278063702,877.5564913341875,"(400.6, 877.6)",0.6850058867113507,2.4156347999996797,2000,720
PSO,max,14,14,1748.7004526565659,1075.6827323655614,"(1748.7, 1075.7)",0.6518154744451921,2.4250597999998718,2000,80
PSO,max,15,15,400.6499675405615,877.5510825229479,"(400.6, 877.6)",0.6850058864782356,2.524451399998725,2000,200
PSO,max,16,16,1748.7054836536113,1075.6831389271836,"(1748.7, 1075.7)",0.6518154746446172,2.4126524000002973,2000,240
PSO,max,17,17,400.64138336699193,877.5638239322898,"(400.6, 877.6)",0.6850058867088125,2.2339332000010472,2000,440
PSO,max,18,18,400.2456905077279,880.5056937193827,"(400.2, 880.5)",0.6849840892567262,2.1504010999997263,2000,1720
PSO,max,19,19,400.64124149614224,877.5637541781177,"(400.6, 877.6)",0.685005886710137,2.069253199999366,2000,80
PSO,max,20,20,400.6406786920996,877.5615207991027,"(400.6, 877.6)",0.6850058867276891,2.09961420000036,2000,120
PSO,max,21,21,1748.705377830947,1075.690168592326,"(1748.7, 1075.7)",0.6518154746029803,2.3071825000006356,2000,200
PSO,max,22,22,400.64165100671084,877.5657965586772,"(400.6, 877.6)",0.6850058866588375,2.1187862000006135,2000,280
PSO,max,23,23,400.6406516509475,877.5599688823502,"(400.6, 877.6)",0.6850058867233997,2.2093875999999,2000,520
PSO,max,24,24,400.6412600731932,877.5638826011175,"(400.6, 877.6)",0.6850058867078661,2.1861250000001746,2000,1040
PSO,max,25,25,400.6381197225788,877.5623792912727,"(400.6, 877.6)",0.6850058866614988,2.179072200000519,2000,520
PSO,max,26,26,400.645210864484,877.5656500569173,"(400.6, 877.6)",0.6850058865588327,2.16507029999957,2000,160
PSO,max,27,27,400.6348822922816,877.5697052103872,"(400.6, 877.6)",0.6850058864339845,2.05358890000025,2000,400
PSO,max,28,28,400.6486754804356,877.5510812809182,"(400.6, 877.6)",0.6850058865249324,2.1013259000010294,2000,560
PSO,max,29,29,400.6488554671008,877.558039928494,"(400.6, 877.6)",0.685005886577325,2.1354962999994314,2000,160
PSO,max,30,30,400.6387974865538,877.5516510333534,"(400.6, 877.6)",0.6850058863501433,2.150767299999643,2000,440
ACO,max,1,1,400.6350057363411,877.6054842170639,"(400.6, 877.6)",0.685005881661449,2.263131199999407,2000,620
ACO,max,2,2,400.62060542143706,877.5150709523,"(400.6, 877.5)",0.685005874708521,2.286477300000115,2000,420
ACO,max,3,3,400.6970273186936,877.6459194383551,"(400.7, 877.6)",0.6850058325848531,2.2786888999999064,2000,260
ACO,max,4,4,400.62182411870936,877.5405192672318,"(400.6, 877.5)",0.6850058819171194,2.2929255999988527,2000,660
ACO,max,5,5,400.6363777073738,877.4297760783553,"(400.6, 877.4)",0.6850058340255122,2.2928718000002846,2000,660
ACO,max,6,6,400.64359185026905,877.6423301474049,"(400.6, 877.6)",0.6850058666000357,2.3120670999996946,2000,560
ACO,max,7,7,400.6050798808599,877.5691038026376,"(400.6, 877.6)",0.6850058805022954,2.422742400000061,2000,200
ACO,max,8,8,400.6822318063258,877.4589082818495,"(400.7, 877.5)",0.685005863638674,2.269934199999625,2000,240
ACO,max,9,9,400.6365422325422,877.7126133399508,"(400.6, 877.7)",0.6850058218604373,2.4123141000000032,2000,340
ACO,max,10,10,400.6320206117411,877.6478700416475,"(400.6, 877.6)",0.6850058670099913,2.3667303000001993,2000,260
ACO,max,11,11,400.63213369929593,877.6381858119979,"(400.6, 877.6)",0.6850058713132777,2.314402500000142,2000,200
ACO,max,12,12,400.75568052291544,877.4591816145589,"(400.8, 877.5)",0.685005833357607,2.5753125000010186,2000,480
ACO,max,13,13,400.6083568902019,877.6013045180302,"(400.6, 877.6)",0.6850058809278963,2.2735227000011946,2000,780
ACO,max,14,14,400.6395278434596,877.8658730315949,"(400.6, 877.9)",0.6850056166975329,2.288718300000255,2000,340
ACO,max,15,15,400.6332591026601,877.391689278172,"(400.6, 877.4)",0.685005797735504,2.429809999999634,2000,360
ACO,max,16,16,400.63602977798973,877.6837653756954,"(400.6, 877.7)",0.6850058447228338,2.2968240000009246,2000,200
ACO,max,17,17,400.5881955534011,877.5778323933015,"(400.6, 877.6)",0.6850058741367088,2.305927999999767,2000,720
ACO,max,18,18,400.62713698443497,877.7151202160602,"(400.6, 877.7)",0.6850058240134091,2.2331317000007402,2000,80
ACO,max,19,19,400.58109252362107,877.5503166555919,"(400.6, 877.6)",0.6850058647667595,2.2852507999996305,2000,500
ACO,max,20,20,400.6209573403791,877.6504180636837,"(400.6, 877.7)",0.6850058676426725,2.303271400000085,2000,380
ACO,max,21,21,400.61062034224756,877.6291335971456,"(400.6, 877.6)",0.6850058756554821,2.3975119999995513,2000,240
ACO,max,22,22,400.6953793675691,877.5386613568113,"(400.7, 877.5)",0.685005875236792,2.338551600001665,2000,940
ACO,max,23,23,400.6525630592349,877.461927805622,"(400.7, 877.5)",0.685005861769485,2.330984399999579,2000,1000
ACO,max,24,24,400.6922104799663,877.4941594655226,"(400.7, 877.5)",0.6850058735006956,2.3716614000004483,2000,300
ACO,max,25,25,400.5696963167136,877.4681777509634,"(400.6, 877.5)",0.6850058099765044,2.3789406000014424,2000,380
ACO,max,26,26,400.613754761155,877.5949396867333,"(400.6, 877.6)",0.6850058826001626,2.4477277000005415,2000,260
ACO,max,27,27,400.5845478919352,877.5799537535236,"(400.6, 877.6)",0.6850058724834477,2.2099388999995426,2000,820
ACO,max,28,28,400.6188054500159,877.6304579620592,"(400.6, 877.6)",0.6850058754920298,2.3253569999997126,2000,740
ACO,max,29,29,400.6623205370241,877.5331920951007,"(400.7, 877.5)",0.6850058846059025,2.2285554999998567,2000,220
ACO,max,30,30,400.64876526031014,877.452743962533,"(400.6, 877.5)",0.6850058554080588,2.2615143000002718,2000,480
GA,min_valid,1,1,849.9998344825641,1600.0,"(850.0, 1600.0)",0.7518665109018006,2.280016099999557,2000,534
GA,min_valid,2,2,849.9999992970352,1600.0,"(850.0, 1600.0)",0.7518665955485111,2.365835700000389,2000,420
GA,min_valid,3,3,849.747414712398,1600.0,"(849.7, 1600.0)",0.751737067534778,2.265369599999758,2000,610
GA,min_valid,4,4,849.9999999973587,1600.0,"(850.0, 1600.0)",0.751866595908189,2.181934700000056,2000,458
GA,min_valid,5,5,849.9999990626192,1600.0,"(850.0, 1600.0)",0.7518665954281177,2.2364636000002065,2000,420
GA,min_valid,6,6,849.9999999991322,1600.0,"(850.0, 1600.0)",0.7518665959091,2.202152900001238,2000,230
GA,min_valid,7,7,849.9999967127424,1600.0,"(850.0, 1600.0)",0.7518665942212484,2.2070040999988123,2000,496
GA,min_valid,8,8,849.9752077206763,1600.0,"(850.0, 1600.0)",0.7518538647752094,2.24386720000075,2000,420
GA,min_valid,9,9,849.9719131378082,1599.9999999357415,"(850.0, 1600.0)",0.7518521732443827,2.367280100001153,2000,762
GA,min_valid,10,10,362.48880514622647,293.67041751417554,"(362.5, 293.7)",0.7057549677796193,2.3237058999984583,2000,268
GA,min_valid,11,11,849.9978430980107,1600.0,"(850.0, 1600.0)",0.7518654881640974,2.2347323000012693,2000,420
GA,min_valid,12,12,367.0295797851597,302.9748609575415,"(367.0, 303.0)",0.705865778036,2.307701599998836,2000,306
GA,min_valid,13,13,849.9999917929498,1600.0,"(850.0, 1600.0)",0.7518665916945003,2.2206466999996337,2000,344
GA,min_valid,14,14,849.9999999999982,1600.0,"(850.0, 1600.0)",0.7518665959095447,2.183526400000119,2000,154
GA,min_valid,15,15,849.999911779312,1600.0,"(850.0, 1600.0)",0.7518665506004507,2.2627475000008417,2000,230
GA,min_valid,16,16,364.2671547920168,294.6901847672986,"(364.3, 294.7)",0.7062553321985524,2.3568142999993142,2000,458
GA,min_valid,17,17,849.9999999993023,1600.0,"(850.0, 1600.0)",0.7518665959091873,2.199694899998576,2000,648
GA,min_valid,18,18,364.2676998643262,294.6893209771465,"(364.3, 294.7)",0.7062556499937793,2.2615331999986665,2000,192
GA,min_valid,19,19,849.9977319078367,1600.0,"(850.0, 1600.0)",0.7518654310596321,2.1562770000000455,2000,306
GA,min_valid,20,20,849.9675173034251,1600.0,"(850.0, 1600.0)",0.7518499164221836,2.1578037999988737,2000,420
GA,min_valid,21,21,849.9999999984022,1600.0,"(850.0, 1600.0)",0.751866595908725,2.1084507000014128,2000,230
GA,min_valid,22,22,849.965384207252,1600.0,"(850.0, 1600.0)",0.7518488213293739,2.1925946999999724,2000,382
GA,min_valid,23,23,989.8595722058773,1600.0,"(989.9, 1600.0)",0.6940329137368968,2.569846400001552,2000,268
GA,min_valid,24,24,849.9999999815204,1600.0,"(850.0, 1600.0)",0.7518665959000548,2.1912515000003623,2000,420
GA,min_valid,25,25,849.9980492698446,1600.0,"(850.0, 1600.0)",0.7518655940489462,2.184408600000097,2000,458
GA,min_valid,26,26,849.9999988932492,1600.0,"(850.0, 1600.0)",0.7518665953411313,2.116553500000009,2000,420
GA,min_valid,27,27,2199.9999848536954,1588.2017230179124,"(2200.0, 1588.2)",0.6858485778322256,2.2928980000015144,2000,534
GA,min_valid,28,28,849.999999999943,1600.0,"(850.0, 1600.0)",0.7518665959095163,2.12977089999913,2000,192
GA,min_valid,29,29,849.9816406410636,1600.0,"(850.0, 1600.0)",0.751857167793851,2.1964742000000115,2000,306
GA,min_valid,30,30,849.9998974018606,1600.0,"(850.0, 1600.0)",0.7518665432163674,2.0990034000005835,2000,610
PSO,min_valid,1,1,849.9995669954607,1599.964863875525,"(850.0, 1600.0)",0.7518621967146351,2.0706072000011773,2000,400
PSO,min_valid,2,2,849.9978102428087,1599.9932536221118,"(850.0, 1600.0)",0.751864669332454,2.107208500001434,2000,840
PSO,min_valid,3,3,849.9924147220328,1599.9809180588495,"(850.0, 1600.0)",0.7518604319596376,2.1121252000011737,2000,760
PSO,min_valid,4,4,849.9992587982964,1599.9188492394471,"(850.0, 1599.9)",0.7518565679117454,2.056207199999335,2000,680
PSO,min_valid,5,5,849.9984455343825,1599.950300545968,"(850.0, 1600.0)",0.7518598893997201,2.0744716999997763,2000,800
PSO,min_valid,6,6,849.9848360005228,1599.9985401627075,"(850.0, 1600.0)",0.7518586350176707,2.149153100001058,2000,480
PSO,min_valid,7,7,1519.7229733869738,280.23637042455306,"(1519.7, 280.2)",0.6670665508987366,2.154238000000987,2000,1000
PSO,min_valid,8,8,849.9999317021649,1599.9643140274582,"(850.0, 1600.0)",0.7518623186659696,2.1470237000012276,2000,1080
PSO,min_valid,9,9,364.282226006823,294.7421014289435,"(364.3, 294.7)",0.7062535202195682,2.002718099998674,2000,1120
PSO,min_valid,10,10,849.9948724086022,1599.9709606869035,"(850.0, 1600.0)",0.7518605104018994,2.086885799999436,2000,720
PSO,min_valid,11,11,849.9922442304398,1599.9980996183378,"(850.0, 1600.0)",0.7518623869129721,2.0060716999996657,2000,600
PSO,min_valid,12,12,849.9934845187738,1599.989523702619,"(850.0, 1600.0)",0.7518620043868743,2.1545105000004696,2000,760
PSO,min_valid,13,13,849.9913081812032,1599.9848997210488,"(850.0, 1600.0)",0.7518603370362933,2.1770858999989287,2000,1000
PSO,min_valid,14,14,849.9845881240228,1599.961948626726,"(850.0, 1600.0)",0.7518541575256512,2.162090599998919,2000,760
PSO,min_valid,15,15,849.9990434419503,1599.9976007512714,"(850.0, 1600.0)",0.7518658194342467,2.147269700000834,2000,640
PSO,min_valid,16,16,825.8207025457468,1451.0349060348665,"(825.8, 1451.0)",0.7178037713688775,2.015223499998683,2000,2000
PSO,min_valid,17,17,849.9895841985465,1599.9945043832074,"(850.0, 1600.0)",0.7518605935027401,2.175771899999745,2000,1160
PSO,min_valid,18,18,364.24183574489285,294.63328780834104,"(364.2, 294.6)",0.7062541137948594,2.0502536999993026,2000,520
PSO,min_valid,19,19,849.998826230002,1599.9956866583411,"(850.0, 1600.0)",0.7518654803463061,2.1719111999991583,2000,800
PSO,min_valid,20,20,849.9759460834541,1599.9975185404226,"(850.0, 1600.0)",0.7518539488669872,2.1038523000006535,2000,720
PSO,min_valid,21,21,849.9970077059834,1599.9970234745476,"(850.0, 1600.0)",0.7518647053029632,2.2619548000002396,2000,760
PSO,min_valid,22,22,849.9985652091158,1599.9548525769824,"(850.0, 1600.0)",0.7518604920291443,2.128545599998688,2000,520
PSO,min_valid,23,23,2399.952830070131,70.02538608437234,"(2400.0, 70.0)",0.669376744571936,2.0613140999994357,2000,800
PSO,min_valid,24,24,849.9970636974999,1599.992148587311,"(850.0, 1600.0)",0.7518641545640388,2.1171437000011792,2000,320
PSO,min_valid,25,25,849.9910320279516,1599.97057339348,"(850.0, 1600.0)",0.7518584920763938,2.113622099999702,2000,880
PSO,min_valid,26,26,849.999562058549,1599.9930979105638,"(850.0, 1600.0)",0.7518655505285776,2.084500400000252,2000,1040
PSO,min_valid,27,27,2399.983075796538,70.00680260763578,"(2400.0, 70.0)",0.6693681554683666,2.141917900000408,2000,1360
PSO,min_valid,28,28,849.9984541526323,1599.981035070238,"(850.0, 1600.0)",0.7518635475578741,2.094689699999435,2000,480
PSO,min_valid,29,29,849.990846320408,1599.9552067235927,"(850.0, 1600.0)",0.7518565698208965,2.0990054000012606,2000,680
PSO,min_valid,30,30,849.996280697508,1599.989684099139,"(850.0, 1600.0)",0.7518634594703684,2.052102699999523,2000,480
ACO,min_valid,1,1,849.9860247269745,1599.5788961282615,"(850.0, 1599.6)",0.7518093343246013,2.2266994999990857,2000,560
ACO,min_valid,2,2,849.9863827848058,1599.9983144969463,"(850.0, 1600.0)",0.7518594024655282,2.2773935999994137,2000,600
ACO,min_valid,3,3,849.9948432419626,1599.9659328415705,"(850.0, 1600.0)",0.7518598977021792,2.2838627000000997,2000,580
ACO,min_valid,4,4,849.9613572910952,1599.9207908070578,"(850.0, 1599.9)",0.7518373355695326,2.3517155999998067,2000,700
ACO,min_valid,5,5,2197.5986173210495,1596.5114626444015,"(2197.6, 1596.5)",0.6842098975373563,2.189759299999423,2000,1800
ACO,min_valid,6,6,849.9620325267521,1599.7589992108767,"(850.0, 1599.8)",0.7518184389326502,2.3128907999998773,2000,580
ACO,min_valid,7,7,2399.9082900155045,69.9980347234047,"(2399.9, 70.0)",0.6693568436892248,2.288031600000977,2000,400
ACO,min_valid,8,8,849.9442323942832,1599.7715974227972,"(849.9, 1599.8)",0.751810798089389,2.342402199999924,2000,580
ACO,min_valid,9,9,849.9663034750249,1599.9068676618826,"(850.0, 1599.9)",0.7518382193485094,2.2183447999996133,2000,680
ACO,min_valid,10,10,849.9917494332603,1599.8245026531856,"(850.0, 1599.8)",0.7518414922009603,2.2459218000003602,2000,620
ACO,min_valid,11,11,849.9763009222936,1599.2912031890771,"(850.0, 1599.3)",0.7517700918962744,2.2621189000001323,2000,1080
ACO,min_valid,12,12,849.9867604374061,1599.875698776461,"(850.0, 1599.9)",0.7518450178789214,2.2169682000003377,2000,700
ACO,min_valid,13,13,833.2854644721726,1558.0412180378448,"(833.3, 1558.0)",0.7384439595199888,2.196614299999055,2000,1860
ACO,min_valid,14,14,849.9704871516042,1599.895752899623,"(850.0, 1599.9)",0.7518390457530778,2.3419288999994023,2000,740
ACO,min_valid,15,15,849.920098022755,1599.5122514328477,"(849.9, 1599.5)",0.7517675418313933,2.2772105999993073,2000,660
ACO,min_valid,16,16,849.9899219576315,1599.9462512562811,"(850.0, 1599.9)",0.7518550303894475,2.23263340000085,2000,920
ACO,min_valid,17,17,849.9446949153888,1599.7778807769894,"(849.9, 1599.8)",0.7518117830660414,2.1933563999991748,2000,1440
ACO,min_valid,18,18,849.9234366894265,1599.9899095746591,"(849.9, 1600.0)",0.7518260919514294,2.2735728999996354,2000,880
ACO,min_valid,19,19,849.9524352266078,1599.5859823301312,"(850.0, 1599.6)",0.751792923443908,2.2145885000009002,2000,680
ACO,min_valid,20,20,2399.8635824259036,70.02596138091215,"(2399.9, 70.0)",0.6693698084344744,2.222901900000579,2000,820
ACO,min_valid,21,21,849.977732271173,1599.8510625204167,"(850.0, 1599.9)",0.7518374515636352,2.3027212000015425,2000,680
ACO,min_valid,22,22,849.9923701388384,1599.8283421028996,"(850.0, 1599.8)",0.7518422676265333,2.3876414000005752,2000,700
ACO,min_valid,23,23,849.9201020010653,1599.939400300951,"(849.9, 1599.9)",0.7518183736647537,2.3204231999989133,2000,1120
ACO,min_valid,24,24,849.9900989828087,1599.636824329876,"(850.0, 1599.6)",0.7518183201431801,2.5668702000002668,2000,520
ACO,min_valid,25,25,849.9875123086639,1599.9949773585574,"(850.0, 1600.0)",0.751859585769866,2.45121459999973,2000,480
ACO,min_valid,26,26,849.9575975742134,1599.9933286434766,"(850.0, 1600.0)",0.7518440308324723,2.3653582999995706,2000,720
ACO,min_valid,27,27,849.9262592518305,1599.566990986593,"(849.9, 1599.6)",0.7517772216926344,2.3572617000008904,2000,1000
ACO,min_valid,28,28,849.981500842844,1599.9319061623269,"(850.0, 1599.9)",0.7518490002259517,2.4015505999996094,2000,620
ACO,min_valid,29,29,849.9008745657031,1599.8279184843316,"(849.9, 1599.8)",0.7517952457595831,2.3169480999986263,2000,760
ACO,min_valid,30,30,849.9658971217788,1599.8014539212968,"(850.0, 1599.8)",0.751825473601178,2.27792430000045,2000,900
